{"Event_name":{"0":"Als Christ in der DDR - Erfahrungsbericht"},"category":{"0":"Erfahrungsbericht"},"Links":{"0":"https:\/\/embed.online-geplant.de\/form\/eventRegistration\/?customerToken=6f7eb8484ecf513d6269dfc4bc03c78c6d34bcbc&customerKey=a6f8d1bbf98d6c7d5ca41e77ecb109dc&eventId=64bd19e7891f5&httpReferer=www.eeb-heilbronn.de&eventdate_id=64bd1a7cec5d0"},"address_of_the_event":{"0":"VeranstaltungsortKilianshausKirchbrunnenstra\u00dfe 3274072 Heilbronn-InnenstadtTel. 07131179850"},"Event organizer":{"0":"Evangelische ErwachsenenbildungKirchbrunnenstra\u00dfe  3274072 Heilbronn-Innenstadt"}}