{"Event_name":{"0":"Heilbronner Wochenmarkt -Jubil\u00e4umsjahr-"},"category":{"0":"Wochenmarkt"},"Links":{"0":"https:\/\/www.heilbronn.de\/shop-und-gastrofinder.html?tx_heilbronn_shopping%5Bcategory%5D=1226&tx_heilbronn_shopping%5Bcontroller%5D=Shopping&cHash=b96c08fe9de7ec65b5418ba01fbaf694"},"address_of_the_event":{"0":"VeranstaltungsortMarktplatz74072 Heilbronn-Innenstadt"},"Event organizer":{"0":"Heilbronn Marketing GmbHKirchbrunnenstra\u00dfe 374072 HeilbronnTel. 07131 562270www.heilbronn-marketing.de"}}