{"Event_name":{"0":"Das fotografische Auge als emotionale Verl\u00e4ngerung der Kommunikation"},"category":{"0":"Fotoausstellung"},"Links":{"0":"https:\/\/www.keb-heilbronn.de"},"address_of_the_event":{"0":"VeranstaltungsortHeinrich-Fries-HausBahnhofstra\u00dfe  1374072 Heilbronn-InnenstadtTel. 07131 7411101www.keb-heilbronn.de"},"Event organizer":{"0":"Katholische Erwachsenenbildung Stadt- und Landkreis Heilbronn e.V.keb HNBahnhofstra\u00dfe 1374072 Heilbronn-InnenstadtTel. 07131 741 1101www.keb-heilbronn.de"}}