{"Event_name":{"0":"Theaterfr\u00fchst\u00fcck zu \"Science & Theatre\", \"Alexander und die Aufziehmaus\" und \"Ab in den Schrank\""},"category":{"0":"Theaterfr\u00fchst\u00fcck"},"Links":{"0":"https:\/\/www.theater-heilbronn.de\/"},"address_of_the_event":{"0":"VeranstaltungsortTheater Heilbronn: Gro\u00dfes HausBerliner Platz 174072 Heilbronn-InnenstadtTel. 07131 563000www.theater-heilbronn.de"},"Event organizer":{"0":"Theater HeilbronnBerliner Platz 174072 Heilbronn-InnenstadtTel. 07131 563000www.theater-heilbronn.de"}}